[
  {
    "name": "pos-rec-prod",
    "script": "index.js",
    "exec_mode": "fork",
    "instances": 1,
    "watch": true,
    "merge_logs": true,
    "autorestart": true,
    "exec_interpreter": "node",
    "post_update": ["npm install"],
    "env": {
      "NODE_ENV": "prod",
      "PORT": 3000,
      "DB_HOST": "sql-san-pos-st-01.database.windows.net",
      "DB_USER": "sqladminuser",
      "DB_PASSWORD": "M5y4089jV4x`",
      "DB_DATABASE": "pos",
      "TT_USERNAME": "ttt.user01",
      "TT_PASSWORD": "ttdxb@2023",
      "TT_DOMAIN": "THINK-TRIBE",
      "TT_STATION_ID": "SCT-SHP",
      "TT_URL": "http://10.10.1.104:8003/SHL_DEV02/api/thinkTribeTechnologies/shlloyalty/v2.0/companies(ea19cc92-1793-ed11-80e9-0022486538f8)/loyaltySKUDynamicRecommendation?$expand=med_recommend",
      "TT_QTY_URL": "http://10.10.1.104:8003/SHL_DEV02/api/thinkTribeTechnologies/shlloyalty/v2.0/companies(ea19cc92-1793-ed11-80e9-0022486538f8)/inventory?$filter="
    }
  }
]
